id,first_name,last_name,email,gender,ip_address
1,Naomi,Dadge,ndadge0@biblegateway.com,Female,89.157.158.46
2,Meredeth,Olford,molford1@squidoo.com,Male,56.170.130.119
3,Aylmar,Dimsdale,adimsdale2@slate.com,Male,50.134.200.83
4,Verina,Dyzart,vdyzart3@wired.com,Female,196.78.87.138
5,Nancee,Longfield,nlongfield4@cargocollective.com,Female,87.33.252.24
6,Hank,Faircliffe,hfaircliffe5@youtu.be,Male,182.51.54.50
7,Caitrin,Beaten,cbeaten6@businesswire.com,Female,207.41.227.63
8,Chrotoem,Hemms,chemms7@uol.com.br,Male,55.246.0.122
9,Junie,Twelve,jtwelve8@tuttocitta.it,Female,83.130.76.123
10,Raddy,Negri,rnegri9@oakley.com,Male,233.45.216.57
11,Francene,Kornousek,fkornouseka@ocn.ne.jp,Female,84.108.168.195
12,Sullivan,Poser,sposerb@webnode.com,Male,21.150.154.49
13,Cookie,Bennell,cbennellc@paypal.com,Female,127.64.206.201
14,Gavan,Kubek,gkubekd@bloomberg.com,Male,243.59.115.23
15,Tomkin,Golde,tgoldee@addthis.com,Male,60.226.200.209
16,Helenka,Tetford,htetfordf@nps.gov,Female,97.217.87.241
17,Abbie,Andreaccio,aandreacciog@auda.org.au,Female,156.0.239.36
18,Binni,Rymour,brymourh@etsy.com,Female,84.25.70.212
19,Jonathan,Bullocke,jbullockei@usatoday.com,Male,53.82.103.194
20,Bette-ann,Kleinber,bkleinberj@state.gov,Female,137.22.76.35
21,Zaneta,Besnard,zbesnardk@bbc.co.uk,Female,75.68.187.44
22,Pepillo,Rummins,prumminsl@blogger.com,Male,119.203.151.133
23,Rani,Fishwick,rfishwickm@myspace.com,Female,61.112.47.149
24,Randell,Tybalt,rtybaltn@printfriendly.com,Male,86.60.85.197
25,Ailbert,Cookes,acookeso@google.com.au,Male,62.153.36.70
26,Modesty,Starten,mstartenp@meetup.com,Female,254.135.160.39
27,Sancho,Boone,sbooneq@dailymotion.com,Male,75.83.121.83
28,Fancy,Oxlee,foxleer@senate.gov,Female,157.229.93.132
29,Samuel,Grouen,sgrouens@unc.edu,Male,16.134.58.166
30,Phillipe,Pinare,ppinaret@europa.eu,Male,103.203.206.91
31,Cherye,Baldwin,cbaldwinu@devhub.com,Female,172.35.130.230
32,Alie,Lakeman,alakemanv@webnode.com,Female,141.71.128.110
33,Janek,Peabody,jpeabodyw@liveinternet.ru,Male,211.55.116.122
34,Cobbie,Markl,cmarklx@state.gov,Male,57.234.93.202
35,Miles,Bottomore,mbottomorey@springer.com,Male,112.50.1.12
36,Merrie,Pindred,mpindredz@tripod.com,Female,231.107.151.238
37,Tamra,Lowndes,tlowndes10@opera.com,Female,54.217.206.201
38,Delaney,Rangeley,drangeley11@ameblo.jp,Male,82.189.69.139
39,Amii,Kitchenman,akitchenman12@virginia.edu,Female,77.139.27.95
40,Marlo,Domleo,mdomleo13@plala.or.jp,Male,71.84.175.250
41,Tiffy,Jozwik,tjozwik14@last.fm,Female,125.125.23.132
42,Meghan,Cornish,mcornish15@cbslocal.com,Female,139.101.173.82
43,Dolly,Camings,dcamings16@themeforest.net,Female,104.87.104.192
44,Dominique,Kinglake,dkinglake17@irs.gov,Female,68.239.172.36
45,Spencer,Shaddick,sshaddick18@hud.gov,Male,128.235.180.110
46,Griff,Edworthye,gedworthye19@51.la,Male,61.59.47.185
47,Horatio,Neller,hneller1a@canalblog.com,Male,83.54.79.37
48,Beryle,Aylin,baylin1b@indiatimes.com,Female,252.152.149.247
49,Concordia,Corby,ccorby1c@google.it,Female,12.236.93.129
50,Debby,Payn,dpayn1d@dion.ne.jp,Female,95.29.91.101
51,Ethelin,Domoni,edomoni1e@adobe.com,Female,49.213.10.102
52,Doreen,Broome,dbroome1f@archive.org,Female,111.180.239.55
53,Marlowe,Habishaw,mhabishaw1g@behance.net,Male,53.241.238.233
54,Kain,Thuillier,kthuillier1h@ca.gov,Male,151.127.246.20
55,Joice,Crisell,jcrisell1i@clickbank.net,Female,226.67.21.155
56,Robert,Fortun,rfortun1j@unesco.org,Male,44.27.116.167
57,Meade,Yoxen,myoxen1k@ft.com,Male,180.24.40.118
58,Brett,Zamboniari,bzamboniari1l@examiner.com,Female,39.116.61.139
59,Sydelle,Haylands,shaylands1m@pbs.org,Female,2.113.4.190
60,Taddeo,Gynn,tgynn1n@salon.com,Male,95.127.84.204
61,Elvera,Pennycuick,epennycuick1o@arstechnica.com,Female,215.46.8.156
62,Dewain,Monkleigh,dmonkleigh1p@wikimedia.org,Male,62.209.74.191
63,Kimble,Element,kelement1q@hostgator.com,Male,216.94.28.24
64,Melisa,Gainsbury,mgainsbury1r@oracle.com,Female,195.245.83.66
65,Kailey,Pottage,kpottage1s@uiuc.edu,Female,215.237.246.7
66,Nickie,Suggett,nsuggett1t@feedburner.com,Male,109.213.242.88
67,Amye,Cobbald,acobbald1u@ihg.com,Female,33.247.26.55
68,Ulrika,Ewbach,uewbach1v@china.com.cn,Female,133.18.47.150
69,Alexandre,Grassick,agrassick1w@theglobeandmail.com,Male,156.216.129.52
70,Jourdain,Billings,jbillings1x@google.ru,Male,95.33.70.9
71,Rosa,Matejka,rmatejka1y@census.gov,Female,35.181.222.65
72,Orran,Scarratt,oscarratt1z@bloomberg.com,Male,101.99.151.73
73,Olivette,MacMeanma,omacmeanma20@accuweather.com,Female,175.204.126.155
74,Hanna,Pesek,hpesek21@nyu.edu,Female,88.37.182.251
75,Benita,Sherwill,bsherwill22@google.cn,Female,135.58.210.235
76,Rodolfo,Dumblton,rdumblton23@list-manage.com,Male,42.79.180.240
77,Amil,Beswell,abeswell24@vk.com,Female,248.113.91.8
78,Silvan,Whitehorne,swhitehorne25@mysql.com,Male,152.96.58.142
79,Ringo,Bilby,rbilby26@google.cn,Male,72.58.195.5
80,Georgy,Housby,ghousby27@fotki.com,Male,0.134.11.203
81,Annabel,Shelvey,ashelvey28@trellian.com,Female,198.98.218.245
82,Fanni,Skeermer,fskeermer29@goo.gl,Female,228.7.30.77
83,Irma,Brewerton,ibrewerton2a@geocities.com,Female,72.41.132.13
84,Claudie,Myrick,cmyrick2b@netlog.com,Female,138.159.9.112
85,Doloritas,Yantsev,dyantsev2c@oaic.gov.au,Female,84.174.81.194
86,Rafael,Drage,rdrage2d@last.fm,Male,249.24.243.188
87,Archy,Sherrell,asherrell2e@meetup.com,Male,26.211.32.153
88,Saxon,Riall,sriall2f@bigcartel.com,Male,70.236.6.88
89,Rennie,Selman,rselman2g@wunderground.com,Female,107.3.112.211
90,Mandie,Androsik,mandrosik2h@bing.com,Female,140.129.127.144
91,Hallie,Horley,hhorley2i@walmart.com,Female,58.154.182.141
92,Averell,Vaune,avaune2j@amazon.de,Male,121.94.114.24
93,Misha,Elsmore,melsmore2k@telegraph.co.uk,Female,208.127.54.150
94,Bettye,Lovitt,blovitt2l@princeton.edu,Female,126.130.98.66
95,Teresina,Austins,taustins2m@ox.ac.uk,Female,181.106.98.98
96,Gwyneth,Castagnet,gcastagnet2n@sina.com.cn,Female,201.244.137.112
97,Reg,Rykert,rrykert2o@chicagotribune.com,Male,209.123.227.218
98,Prudence,Hambatch,phambatch2p@surveymonkey.com,Female,134.69.186.50
99,Drew,Wellsman,dwellsman2q@elpais.com,Male,204.144.133.175
100,Faustine,Donn,fdonn2r@bravesites.com,Female,253.23.84.223
101,Gabby,Firmin,gfirmin2s@cbslocal.com,Male,210.187.94.96
102,Elisa,Vance,evance2t@globo.com,Female,31.240.231.159
103,Crystal,Persehouse,cpersehouse2u@accuweather.com,Female,228.238.146.10
104,Lyell,Worsnup,lworsnup2v@sphinn.com,Male,140.26.118.137
105,Zachery,Piolli,zpiolli2w@weibo.com,Male,136.205.110.176
106,Caritta,Neilands,cneilands2x@macromedia.com,Female,24.252.66.159
107,Vernon,Neubigging,vneubigging2y@fotki.com,Male,102.134.90.127
108,Vania,Toth,vtoth2z@toplist.cz,Female,88.202.187.231
109,Stinky,Auchinleck,sauchinleck30@vimeo.com,Male,101.221.116.109
110,Borden,Ferryman,bferryman31@businessinsider.com,Male,56.146.161.167
111,Kacey,Oleshunin,koleshunin32@yahoo.com,Female,15.155.91.103
112,Allin,Rickert,arickert33@sourceforge.net,Male,233.149.167.59
113,Kerr,Keighly,kkeighly34@ustream.tv,Male,128.204.90.26
114,Beatrix,Kidgell,bkidgell35@last.fm,Female,165.8.69.100
115,Jakob,Matthias,jmatthias36@rediff.com,Male,219.203.225.173
116,Harland,Rois,hrois37@un.org,Male,64.117.15.166
117,Kariotta,Smedmoor,ksmedmoor38@wired.com,Female,181.213.62.120
118,Celka,Jefferys,cjefferys39@phpbb.com,Female,143.71.114.93
119,Theresina,Kennford,tkennford3a@bizjournals.com,Female,91.235.7.74
120,Dallon,Hartridge,dhartridge3b@seesaa.net,Male,186.200.51.123
121,Dario,Dugald,ddugald3c@altervista.org,Male,23.96.255.140
122,Judah,Stoke,jstoke3d@dyndns.org,Male,9.125.160.84
123,Julissa,Puddicombe,jpuddicombe3e@businessweek.com,Female,29.102.235.10
124,Melisande,Vaggers,mvaggers3f@accuweather.com,Female,130.238.118.146
125,Davidson,Djuricic,ddjuricic3g@wikispaces.com,Male,133.162.109.55
126,Gates,Coneley,gconeley3h@bloglovin.com,Female,114.59.152.119
127,Mahalia,Torfin,mtorfin3i@icq.com,Female,213.237.91.92
128,Tracey,Degg,tdegg3j@opensource.org,Female,214.79.250.139
129,Clementia,Morritt,cmorritt3k@spiegel.de,Female,131.225.9.197
130,Hardy,Klulicek,hklulicek3l@wikispaces.com,Male,91.253.104.246
131,Marni,Van Hesteren,mvanhesteren3m@sun.com,Female,104.28.190.24
132,Orland,Taplin,otaplin3n@stanford.edu,Male,130.223.152.72
133,Petronille,Chaize,pchaize3o@github.com,Female,67.238.93.163
134,Mala,Rigeby,mrigeby3p@surveymonkey.com,Female,18.87.18.102
135,Annissa,Cadalleder,acadalleder3q@sohu.com,Female,98.113.97.0
136,Fred,Tomaszewski,ftomaszewski3r@marriott.com,Male,108.165.118.146
137,Margy,Raith,mraith3s@360.cn,Female,196.120.201.50
138,Kori,Lean,klean3t@topsy.com,Female,224.231.233.54
139,Shanda,Ranahan,sranahan3u@mozilla.org,Female,122.168.132.71
140,Doria,Goldbourn,dgoldbourn3v@instagram.com,Female,138.58.22.3
141,Daisie,Core,dcore3w@flickr.com,Female,164.2.17.169
142,Emmerich,MacRinn,emacrinn3x@drupal.org,Male,85.33.46.227
143,Torre,Gwilliam,tgwilliam3y@msu.edu,Male,241.245.135.35
144,Deny,Tonner,dtonner3z@japanpost.jp,Female,158.53.189.171
145,Lacy,Tunnadine,ltunnadine40@sciencedirect.com,Female,13.164.167.234
146,Leonidas,Faudrie,lfaudrie41@360.cn,Male,130.123.224.65
147,Mord,Nazareth,mnazareth42@slashdot.org,Male,124.223.96.70
148,Kennett,Flageul,kflageul43@biblegateway.com,Male,55.241.219.228
149,Bryn,Tidgewell,btidgewell44@paginegialle.it,Male,116.255.77.136
150,Flint,Masdon,fmasdon45@google.ca,Male,209.129.186.212
151,Pamela,Castree,pcastree46@baidu.com,Female,148.105.182.60
152,Fred,Guihen,fguihen47@tiny.cc,Male,135.229.90.199
153,Yorke,MacLeod,ymacleod48@engadget.com,Male,226.128.197.88
154,Alejandro,Cadany,acadany49@oracle.com,Male,236.244.79.191
155,Pail,Corry,pcorry4a@cbsnews.com,Male,152.195.239.217
156,Tad,Wilcockes,twilcockes4b@qq.com,Male,5.27.130.183
157,Elston,Mogey,emogey4c@goodreads.com,Male,251.182.167.197
158,Angil,Serman,aserman4d@mail.ru,Female,208.92.171.85
159,Tabby,Raffles,traffles4e@engadget.com,Male,109.101.174.147
160,Tawnya,Matisoff,tmatisoff4f@un.org,Female,235.238.222.176
161,Amelina,Heavyside,aheavyside4g@phoca.cz,Female,183.10.199.24
162,Suzanna,Olivo,solivo4h@sciencedirect.com,Female,252.87.41.133
163,Ardelis,Christescu,achristescu4i@time.com,Female,48.10.230.186
164,Guthrey,Bott,gbott4j@prweb.com,Male,147.235.118.228
165,Anni,Lates,alates4k@goo.gl,Female,211.26.131.95
166,Clemence,Gilmour,cgilmour4l@google.co.uk,Female,124.89.70.103
167,Elna,Abbe,eabbe4m@networkadvertising.org,Female,113.29.176.220
168,Tyson,Streat,tstreat4n@reverbnation.com,Male,109.15.135.83
169,Malvin,Hawton,mhawton4o@discuz.net,Male,230.37.40.106
170,Candis,Sebrens,csebrens4p@lulu.com,Female,24.151.204.76
171,Barn,Murkin,bmurkin4q@wisc.edu,Male,107.32.120.40
172,Alvy,Elsmor,aelsmor4r@arizona.edu,Male,110.106.251.91
173,Jeffy,Banasiak,jbanasiak4s@a8.net,Male,246.38.177.147
174,Luella,Stokoe,lstokoe4t@ihg.com,Female,219.17.216.229
175,Revkah,Quantrell,rquantrell4u@nytimes.com,Female,107.147.33.101
176,Maddy,Spearman,mspearman4v@ucla.edu,Female,153.139.183.251
177,Darci,Haydney,dhaydney4w@seattletimes.com,Female,59.9.106.209
178,Lorelle,Gonoude,lgonoude4x@github.io,Female,147.48.129.97
179,Clayson,Jestico,cjestico4y@nba.com,Male,59.99.170.11
180,Farica,Scarfe,fscarfe4z@slideshare.net,Female,158.173.110.152
181,Konstantine,Pudsall,kpudsall50@berkeley.edu,Male,128.110.140.197
182,Jessy,Gerger,jgerger51@paypal.com,Female,111.127.243.133
183,Crystal,Kelleway,ckelleway52@unblog.fr,Female,38.223.14.131
184,Boyd,Luebbert,bluebbert53@cisco.com,Male,255.13.96.51
185,Iona,Sodory,isodory54@jigsy.com,Female,31.135.34.99
186,Mehetabel,Mattimoe,mmattimoe55@wiley.com,Female,35.249.204.169
187,Lorenzo,O'Hern,lohern56@whitehouse.gov,Male,117.33.7.9
188,Anallise,Panchen,apanchen57@wiley.com,Female,99.172.171.170
189,Lucine,Warlock,lwarlock58@xinhuanet.com,Female,155.98.72.254
190,Blake,Been,bbeen59@bandcamp.com,Male,208.99.250.50
191,Daniel,Simone,dsimone5a@cafepress.com,Male,157.193.26.122
192,Kittie,Jess,kjess5b@wp.com,Female,111.53.206.104
193,Shayna,Mishow,smishow5c@cpanel.net,Female,88.185.183.11
194,Paloma,Phelps,pphelps5d@xing.com,Female,46.63.70.142
195,Hilly,Tomblett,htomblett5e@geocities.jp,Male,230.253.192.153
196,Darleen,Bourgourd,dbourgourd5f@indiegogo.com,Female,40.6.63.45
197,Dominick,Holyard,dholyard5g@mail.ru,Male,23.190.128.61
198,Guntar,Payle,gpayle5h@shinystat.com,Male,87.64.218.179
199,Ilise,Guerreiro,iguerreiro5i@lulu.com,Female,182.187.182.144
200,Philippine,Wonfar,pwonfar5j@apple.com,Female,106.83.93.196
